TIMESTAMP,FECHA,HORA,TIPO_EVENTO,DESCRIPCION
1763338795199,16/11/2025,21:19:55,INICIO,"Aplicación iniciada"
1763338795233,16/11/2025,21:19:55,SISTEMA,"Archivo de slots cargado: 6 slots"
1763338795330,16/11/2025,21:19:55,CONEXION,"Conectado al puerto serial: COM7"
1763338796419,16/11/2025,21:19:56,CALIBRACION,"Calibración iniciada"
1763338839158,16/11/2025,21:20:39,CALIBRACION,"Motor X calibrado"
1763338839192,16/11/2025,21:20:39,SENSOR,"DHT11 activado - Temp:25.9°C Hum:32.0%"
1763338841248,16/11/2025,21:20:41,CALIBRACION,"Motor Y calibrado"
1763338843069,16/11/2025,21:20:43,CALIBRACION,"Calibración completada exitosamente"
1763338853207,16/11/2025,21:20:53,SISTEMA,"Histórico de eventos abierto por el usuario"
1763338861757,16/11/2025,21:21:01,SISTEMA,"Histórico de eventos abierto por el usuario"
1763339089071,16/11/2025,21:24:49,INICIO,"Aplicación iniciada"
1763339089105,16/11/2025,21:24:49,SISTEMA,"Archivo de slots cargado: 6 slots"
1763339089216,16/11/2025,21:24:49,CONEXION,"Conectado al puerto serial: COM7"
1763339090567,16/11/2025,21:24:50,CALIBRACION,"Calibración iniciada"
1763339092167,16/11/2025,21:24:52,CALIBRACION,"Motor X calibrado"
1763339093748,16/11/2025,21:24:53,CALIBRACION,"Motor Y calibrado"
1763339093780,16/11/2025,21:24:53,SENSOR,"DHT11 activado - Temp:26.0°C Hum:32.0%"
1763339094932,16/11/2025,21:24:54,CALIBRACION,"Calibración completada exitosamente"
1763339099897,16/11/2025,21:24:59,MOVIMIENTO,"Motor X adelante (posición actual: 0)"
1763339106847,16/11/2025,21:25:06,MOVIMIENTO,"Motor Y adelante (posición actual: 0)"
1763339111798,16/11/2025,21:25:11,SISTEMA,"Histórico de eventos abierto por el usuario"
1763339124034,16/11/2025,21:25:24,SISTEMA,"Histórico de eventos abierto por el usuario"
1763339203708,16/11/2025,21:26:43,INICIO,"Aplicación iniciada"
1763339203739,16/11/2025,21:26:43,SISTEMA,"Archivo de slots cargado: 6 slots"
1763339203845,16/11/2025,21:26:43,CONEXION,"Conectado al puerto serial: COM7"
1763339204819,16/11/2025,21:26:44,CALIBRACION,"Calibración iniciada"
1763339211251,16/11/2025,21:26:51,CALIBRACION,"Motor X calibrado"
1763339211285,16/11/2025,21:26:51,SENSOR,"DHT11 activado - Temp:26.0°C Hum:32.0%"
1763339215994,16/11/2025,21:26:55,CALIBRACION,"Motor Y calibrado"
1763339217567,16/11/2025,21:26:57,CALIBRACION,"Calibración completada exitosamente"
1763343303159,16/11/2025,22:35:03,INICIO,"Aplicación iniciada"
1763343303202,16/11/2025,22:35:03,SISTEMA,"Archivo de slots cargado: 6 slots"
1763343303344,16/11/2025,22:35:03,ERROR,"No se pudo conectar al puerto serial"
1763343305647,16/11/2025,22:35:05,SISTEMA,"Aplicación cerrada"
1763343778484,16/11/2025,22:42:58,INICIO,"Aplicación iniciada"
1763343778522,16/11/2025,22:42:58,SISTEMA,"Archivo de slots cargado: 6 slots"
1763343778606,16/11/2025,22:42:58,ERROR,"No se pudo conectar al puerto serial"
1763343860468,16/11/2025,22:44:20,INICIO,"Aplicación iniciada"
1763343860509,16/11/2025,22:44:20,SISTEMA,"Archivo de slots cargado: 6 slots"
1763343860619,16/11/2025,22:44:20,CONEXION,"Conectado al puerto serial: COM7"
1763343861684,16/11/2025,22:44:21,CALIBRACION,"Calibración iniciada"
1763343863403,16/11/2025,22:44:23,CALIBRACION,"Motor X calibrado"
1763343865019,16/11/2025,22:44:25,CALIBRACION,"Motor Y calibrado"
1763343865052,16/11/2025,22:44:25,SENSOR,"DHT11 activado - Temp:25.0°C Hum:30.0%"
1763343866320,16/11/2025,22:44:26,CALIBRACION,"Calibración completada exitosamente"
1763343868256,16/11/2025,22:44:28,POSICION_ALEATORIA,"X:26072 Y:8141"
1763343886175,16/11/2025,22:44:46,MOVIMIENTO_SLOT,"Ir a Slot 6 - max (X:26947 Y:16959)"
1763343895659,16/11/2025,22:44:55,MOVIMIENTO,"Motor Y atrás (posición actual: 16903)"
1763343897308,16/11/2025,22:44:57,MOVIMIENTO,"Motor X atrás (posición actual: 26947)"
1763343910685,16/11/2025,22:45:10,SLOT_GUARDADO,"Slot 2 - Posicion 2 (X:25399 Y:16347)"
1763343913839,16/11/2025,22:45:13,MOVIMIENTO_SLOT,"Ir a Slot 3 - Posicion 4 (X:8239 Y:5178)"
1763344674712,16/11/2025,22:57:54,INICIO,"Aplicación iniciada"
1763344674752,16/11/2025,22:57:54,SISTEMA,"Archivo de slots cargado: 6 slots"
1763344674853,16/11/2025,22:57:54,ERROR,"No se pudo conectar al puerto serial"
1763344676769,16/11/2025,22:57:56,SISTEMA,"Aplicación cerrada"
1763344702814,16/11/2025,22:58:22,INICIO,"Aplicación iniciada"
1763344702851,16/11/2025,22:58:22,SISTEMA,"Archivo de slots cargado: 6 slots"
1763344702951,16/11/2025,22:58:22,ERROR,"No se pudo conectar al puerto serial"
1763344704538,16/11/2025,22:58:24,SISTEMA,"Aplicación cerrada"
1763344742191,16/11/2025,22:59:02,INICIO,"Aplicación iniciada"
1763344742228,16/11/2025,22:59:02,SISTEMA,"Archivo de slots cargado: 6 slots"
1763344742329,16/11/2025,22:59:02,ERROR,"No se pudo conectar al puerto serial"
1763344744506,16/11/2025,22:59:04,SISTEMA,"Aplicación cerrada"
1763344808880,16/11/2025,23:00:08,INICIO,"Aplicación iniciada"
1763344808920,16/11/2025,23:00:08,SISTEMA,"Archivo de slots cargado: 6 slots"
1763344809006,16/11/2025,23:00:09,ERROR,"No se pudo conectar al puerto serial"
1763344824073,16/11/2025,23:00:24,SISTEMA,"Aplicación cerrada"
1763344825739,16/11/2025,23:00:25,INICIO,"Aplicación iniciada"
1763344825781,16/11/2025,23:00:25,SISTEMA,"Archivo de slots cargado: 6 slots"
1763344825867,16/11/2025,23:00:25,ERROR,"No se pudo conectar al puerto serial"
1763344832161,16/11/2025,23:00:32,SISTEMA,"Aplicación cerrada"
1763344834425,16/11/2025,23:00:34,INICIO,"Aplicación iniciada"
1763344834469,16/11/2025,23:00:34,SISTEMA,"Archivo de slots cargado: 6 slots"
1763344834578,16/11/2025,23:00:34,CONEXION,"Conectado al puerto serial: COM7"
1763344835754,16/11/2025,23:00:35,CALIBRACION,"Calibración iniciada"
1763344851369,16/11/2025,23:00:51,CALIBRACION,"Motor X calibrado"
1763344851404,16/11/2025,23:00:51,SENSOR,"DHT11 activado - Temp:25.0°C Hum:30.0%"
1763344861622,16/11/2025,23:01:01,CALIBRACION,"Motor Y calibrado"
1763344862280,16/11/2025,23:01:02,CALIBRACION,"Calibración completada exitosamente"
1763344976180,16/11/2025,23:02:56,INICIO,"Aplicación iniciada"
1763344976216,16/11/2025,23:02:56,SISTEMA,"Archivo de slots cargado: 6 slots"
1763344976323,16/11/2025,23:02:56,CONEXION,"Conectado al puerto serial: COM7"
1763344977283,16/11/2025,23:02:57,CALIBRACION,"Calibración iniciada"
1763344983459,16/11/2025,23:03:03,SISTEMA,"Aplicación cerrada"
1763345034074,16/11/2025,23:03:54,INICIO,"Aplicación iniciada"
1763345034113,16/11/2025,23:03:54,SISTEMA,"Archivo de slots cargado: 6 slots"
1763345034219,16/11/2025,23:03:54,CONEXION,"Conectado al puerto serial: COM7"
1763345035339,16/11/2025,23:03:55,CALIBRACION,"Calibración iniciada"
1763345069131,16/11/2025,23:04:29,CALIBRACION,"Motor X calibrado"
1763345069165,16/11/2025,23:04:29,SENSOR,"DHT11 activado - Temp:25.4°C Hum:30.0%"
1763345099214,16/11/2025,23:04:59,CALIBRACION,"Motor Y calibrado"
1763345099935,16/11/2025,23:04:59,CALIBRACION,"Calibración completada exitosamente"
1763345106962,16/11/2025,23:05:06,MOVIMIENTO_SLOT,"Ir a Slot 2 - Posicion 2 (X:25399 Y:16347)"
1763345163323,16/11/2025,23:06:03,MOVIMIENTO,"Motor X adelante (posición actual: 25399)"
1763397449513,17/11/2025,13:37:29,INICIO,"Aplicación iniciada"
1763397449556,17/11/2025,13:37:29,SISTEMA,"Archivo de slots cargado: 6 slots"
1763397449648,17/11/2025,13:37:29,ERROR,"No se pudo conectar al puerto serial"
1763397452477,17/11/2025,13:37:32,SISTEMA,"Aplicación cerrada"
